Images\0.jpg,342,Descriptor\d19d56a4-f502-11ea-9291-ace0107ccbbd.txt,
Images\1.jpg,486,Descriptor\d1a03d5c-f502-11ea-a4c2-ace0107ccbbd.txt,
Images\100 (2).jpg,500,Descriptor\d1a5203e-f502-11ea-9c48-ace0107ccbbd.txt,
Images\100 (3).jpg,500,Descriptor\d1aa5150-f502-11ea-82d6-ace0107ccbbd.txt,
Images\100 (4).jpg,490,Descriptor\d1ad863a-f502-11ea-96f8-ace0107ccbbd.txt,
Images\100 (5).jpg,353,Descriptor\d1b045d0-f502-11ea-9d4a-ace0107ccbbd.txt,
Images\100.jpg,500,Descriptor\d1b3a1ca-f502-11ea-b27d-ace0107ccbbd.txt,
Images\12353.jpg,332,Descriptor\d1b63a58-f502-11ea-a552-ace0107ccbbd.txt,
Images\12354.jpg,486,Descriptor\d1b8f9f8-f502-11ea-8f3f-ace0107ccbbd.txt,
Images\12355.jpg,500,Descriptor\d1bca422-f502-11ea-93a9-ace0107ccbbd.txt,
Images\12356.jpg,500,Descriptor\d1c138cc-f502-11ea-94de-ace0107ccbbd.txt,
Images\12357.jpg,242,Descriptor\d1c55848-f502-11ea-9c34-ace0107ccbbd.txt,
Images\12358.jpg,480,Descriptor\d1c9ecf6-f502-11ea-9fd8-ace0107ccbbd.txt,
Images\12359.jpg,457,Descriptor\d1ce0c6c-f502-11ea-8508-ace0107ccbbd.txt,
Images\12360.jpg,500,Descriptor\d1d204c0-f502-11ea-81cc-ace0107ccbbd.txt,
Images\12361.jpg,228,Descriptor\d1d4eb7a-f502-11ea-a7e8-ace0107ccbbd.txt,
Images\12362.jpg,500,Descriptor\d1d735d4-f502-11ea-a33e-ace0107ccbbd.txt,
Images\12363.jpg,438,Descriptor\d1db0712-f502-11ea-b034-ace0107ccbbd.txt,
Images\12364.jpg,500,Descriptor\d1de8a28-f502-11ea-a9fc-ace0107ccbbd.txt,
Images\12365.jpg,500,Descriptor\d1e2f7c8-f502-11ea-8742-ace0107ccbbd.txt,
Images\12366.jpg,449,Descriptor\d1ec4842-f502-11ea-a02d-ace0107ccbbd.txt,
Images\12367.jpg,440,Descriptor\d1ef5612-f502-11ea-8238-ace0107ccbbd.txt,
Images\12368.jpg,411,Descriptor\d1f1a070-f502-11ea-b8a3-ace0107ccbbd.txt,
Images\12369.jpg,500,Descriptor\d1f4ae3e-f502-11ea-8e2e-ace0107ccbbd.txt,
Images\12370.jpg,498,Descriptor\d1f8314a-f502-11ea-bcd2-ace0107ccbbd.txt,
Images\12371.jpg,500,Descriptor\d1fbb46e-f502-11ea-a64b-ace0107ccbbd.txt,
Images\12372.jpg,494,Descriptor\d1ff1062-f502-11ea-aac2-ace0107ccbbd.txt,
Images\12373.jpg,187,Descriptor\d2037e0a-f502-11ea-ae58-ace0107ccbbd.txt,
Images\12374.jpg,500,Descriptor\d208fd4a-f502-11ea-b7c9-ace0107ccbbd.txt,
Images\12375.jpg,496,Descriptor\d21078b4-f502-11ea-a7ef-ace0107ccbbd.txt,
Images\12376.jpg,500,Descriptor\d2181b28-f502-11ea-8b86-ace0107ccbbd.txt,
Images\12377.jpg,330,Descriptor\d21a1768-f502-11ea-8394-ace0107ccbbd.txt,
Images\12378.jpg,390,Descriptor\d21bc552-f502-11ea-87bf-ace0107ccbbd.txt,
Images\12379.jpg,500,Descriptor\d21efa3a-f502-11ea-8636-ace0107ccbbd.txt,
Images\12380.jpg,500,Descriptor\d222a464-f502-11ea-9a58-ace0107ccbbd.txt,
Images\12381.jpg,347,Descriptor\d2264e90-f502-11ea-bd26-ace0107ccbbd.txt,
Images\12382.jpg,114,Descriptor\d2290e86-f502-11ea-b8ec-ace0107ccbbd.txt,
Images\12383.jpg,450,Descriptor\d22bcddc-f502-11ea-9a0b-ace0107ccbbd.txt,
Images\12384.jpg,309,Descriptor\d22dca14-f502-11ea-b14a-ace0107ccbbd.txt,
Images\12385.jpg,466,Descriptor\d2332230-f502-11ea-b87f-ace0107ccbbd.txt,
Images\12386.jpg,465,Descriptor\d2362fee-f502-11ea-815f-ace0107ccbbd.txt,
Images\12387.jpg,292,Descriptor\d2382c1e-f502-11ea-95dd-ace0107ccbbd.txt,
Images\12388.jpg,500,Descriptor\d23aebb8-f502-11ea-a242-ace0107ccbbd.txt,
Images\12389.jpg,500,Descriptor\d2406b0a-f502-11ea-bb1c-ace0107ccbbd.txt,
Images\12390.jpg,488,Descriptor\d245ea40-f502-11ea-af94-ace0107ccbbd.txt,
Images\12391.jpg,378,Descriptor\d249945e-f502-11ea-b18d-ace0107ccbbd.txt,
Images\12392.jpg,55,Descriptor\d24bb7b4-f502-11ea-a0ce-ace0107ccbbd.txt,
Images\12393.jpg,500,Descriptor\d24e9e5c-f502-11ea-ad1e-ace0107ccbbd.txt,
Images\12394.jpg,354,Descriptor\d2524888-f502-11ea-85a2-ace0107ccbbd.txt,
Images\12395.jpg,500,Descriptor\d2552f3e-f502-11ea-9b01-ace0107ccbbd.txt,
Images\12396.jpg,363,Descriptor\d2577998-f502-11ea-b40b-ace0107ccbbd.txt,
Images\12397.jpg,492,Descriptor\d259eb06-f502-11ea-a52e-ace0107ccbbd.txt,
Images\12398.jpg,500,Descriptor\d25d1fee-f502-11ea-877d-ace0107ccbbd.txt,
Images\12399.jpg,500,Descriptor\d2602dba-f502-11ea-b961-ace0107ccbbd.txt,
Images\12400.jpg,476,Descriptor\d2633b90-f502-11ea-84ba-ace0107ccbbd.txt,
Images\12401.jpg,418,Descriptor\d266beba-f502-11ea-9f3f-ace0107ccbbd.txt,
Images\12402.jpg,500,Descriptor\d26b2d3a-f502-11ea-bda5-ace0107ccbbd.txt,
Images\12403.jpg,486,Descriptor\d26efd8c-f502-11ea-97b6-ace0107ccbbd.txt,
Images\12404.jpg,500,Descriptor\d2740790-f502-11ea-95bd-ace0107ccbbd.txt,
Images\12405.jpg,447,Descriptor\d277d8b4-f502-11ea-b1ba-ace0107ccbbd.txt,
Images\12406.jpg,500,Descriptor\d27b82f8-f502-11ea-af1f-ace0107ccbbd.txt,
Images\12407.jpg,500,Descriptor\d280db1e-f502-11ea-84e4-ace0107ccbbd.txt,
Images\12408.jpg,500,Descriptor\d284d37e-f502-11ea-8cfd-ace0107ccbbd.txt,
Images\12409.jpg,500,Descriptor\d288cbc0-f502-11ea-997f-ace0107ccbbd.txt,
Images\12410.jpg,500,Descriptor\d28ceb2c-f502-11ea-8c82-ace0107ccbbd.txt,
Images\12411.jpg,479,Descriptor\d290200c-f502-11ea-8f0c-ace0107ccbbd.txt,
Images\12412.jpg,500,Descriptor\d293f158-f502-11ea-91e4-ace0107ccbbd.txt,
Images\12413.jpg,500,Descriptor\d2974d4c-f502-11ea-8fa1-ace0107ccbbd.txt,
Images\12414.jpg,500,Descriptor\d29af77a-f502-11ea-8c9f-ace0107ccbbd.txt,
Images\12415.jpg,500,Descriptor\d29e5378-f502-11ea-b2db-ace0107ccbbd.txt,
Images\12416.jpg,500,Descriptor\d2a272e8-f502-11ea-8222-ace0107ccbbd.txt,
Images\12417.jpg,500,Descriptor\d2a5a7cc-f502-11ea-9463-ace0107ccbbd.txt,
Images\12418.jpg,500,Descriptor\d2a951fa-f502-11ea-a0d0-ace0107ccbbd.txt,
Images\12419.jpg,500,Descriptor\d2ad4a62-f502-11ea-b85b-ace0107ccbbd.txt,
Images\12420.jpg,406,Descriptor\d2b0f492-f502-11ea-8c79-ace0107ccbbd.txt,
Images\12421.jpg,500,Descriptor\d2b58934-f502-11ea-a952-ace0107ccbbd.txt,
Images\12422.jpg,360,Descriptor\d2b8be14-f502-11ea-a755-ace0107ccbbd.txt,
Images\12423.jpg,477,Descriptor\d2bba4c6-f502-11ea-a649-ace0107ccbbd.txt,
Images\12424.jpg,142,Descriptor\d2be6468-f502-11ea-b04c-ace0107ccbbd.txt,
Images\12425.jpg,500,Descriptor\d2c14b22-f502-11ea-8e33-ace0107ccbbd.txt,
Images\12426.jpg,500,Descriptor\d2c4f54a-f502-11ea-ac07-ace0107ccbbd.txt,
Images\12427.jpg,500,Descriptor\d2cd3426-f502-11ea-9d8b-ace0107ccbbd.txt,
Images\12428.jpg,180,Descriptor\d2d1c900-f502-11ea-b834-ace0107ccbbd.txt,
Images\12429.jpg,500,Descriptor\d2d6d2d4-f502-11ea-88df-ace0107ccbbd.txt,
Images\12430.jpg,147,Descriptor\d2db6792-f502-11ea-bcd8-ace0107ccbbd.txt,
Images\12431.jpg,500,Descriptor\d2dec38c-f502-11ea-84cb-ace0107ccbbd.txt,
Images\12432.jpg,500,Descriptor\d2e3311e-f502-11ea-b045-ace0107ccbbd.txt,
Images\12433.jpg,498,Descriptor\d2e6b43a-f502-11ea-bcbe-ace0107ccbbd.txt,
Images\12434.jpg,431,Descriptor\d2e973ec-f502-11ea-96a4-ace0107ccbbd.txt,
Images\12435.jpg,500,Descriptor\d2ed6c38-f502-11ea-aa75-ace0107ccbbd.txt,
Images\12436.jpg,495,Descriptor\d2f0c82e-f502-11ea-8c82-ace0107ccbbd.txt,
Images\12437.jpg,426,Descriptor\d2f3fd10-f502-11ea-996b-ace0107ccbbd.txt,
Images\12438.jpg,500,Descriptor\d2f891cc-f502-11ea-815f-ace0107ccbbd.txt,
Images\12439.jpg,482,Descriptor\d2fc8a1c-f502-11ea-863b-ace0107ccbbd.txt,
Images\12440.jpg,445,Descriptor\d2fead62-f502-11ea-8b1e-ace0107ccbbd.txt,
Images\12441.jpg,500,Descriptor\d3019418-f502-11ea-80b1-ace0107ccbbd.txt,
Images\12442.jpg,260,Descriptor\d30453ba-f502-11ea-a799-ace0107ccbbd.txt,
Images\12443.jpg,484,Descriptor\d3069e12-f502-11ea-8a7c-ace0107ccbbd.txt,
Images\12444.jpg,500,Descriptor\d30a2124-f502-11ea-b610-ace0107ccbbd.txt,
Images\12445.jpg,500,Descriptor\d30df266-f502-11ea-ba37-ace0107ccbbd.txt,
Images\12446.jpg,487,Descriptor\d311c3b0-f502-11ea-b6fa-ace0107ccbbd.txt,
Images\12447.jpg,471,Descriptor\d31b1428-f502-11ea-a0c9-ace0107ccbbd.txt,
Images\12448.jpg,445,Descriptor\d31dfae4-f502-11ea-b252-ace0107ccbbd.txt,
Images\12449.jpg,500,Descriptor\d32156dc-f502-11ea-9cd2-ace0107ccbbd.txt,
Images\12450.jpg,500,Descriptor\d3248bc6-f502-11ea-8959-ace0107ccbbd.txt,
Images\12451.jpg,377,Descriptor\d3279992-f502-11ea-a34b-ace0107ccbbd.txt,
Images\12452.jpg,474,Descriptor\d32a0b00-f502-11ea-9e1f-ace0107ccbbd.txt,
Images\12453.jpg,500,Descriptor\d32d6700-f502-11ea-a28d-ace0107ccbbd.txt,
Images\12454.jpg,500,Descriptor\d331ad8a-f502-11ea-9506-ace0107ccbbd.txt,
Images\12455.jpg,487,Descriptor\d3364240-f502-11ea-9843-ace0107ccbbd.txt,
Images\12456.jpg,500,Descriptor\d33c5dd2-f502-11ea-a53c-ace0107ccbbd.txt,
Images\12457.jpg,333,Descriptor\d33f1d74-f502-11ea-8ea8-ace0107ccbbd.txt,
Images\12458.jpg,500,Descriptor\d341b600-f502-11ea-b005-ace0107ccbbd.txt,
Images\12459.jpg,500,Descriptor\d3456088-f502-11ea-ade3-ace0107ccbbd.txt,
Images\12460.jpg,500,Descriptor\d348476e-f502-11ea-94e4-ace0107ccbbd.txt,
Images\12461.jpg,500,Descriptor\d34b0678-f502-11ea-8e63-ace0107ccbbd.txt,
Images\12462.jpg,500,Descriptor\d34eb0ac-f502-11ea-8483-ace0107ccbbd.txt,
Images\12463.jpg,282,Descriptor\d352a99a-f502-11ea-882d-ace0107ccbbd.txt,
Images\12464.jpg,365,Descriptor\d3551ae8-f502-11ea-8b4a-ace0107ccbbd.txt,
Images\12465.jpg,392,Descriptor\d359d640-f502-11ea-b90d-ace0107ccbbd.txt,
Images\12466.jpg,474,Descriptor\d35dce94-f502-11ea-9f6f-ace0107ccbbd.txt,
Images\12467.jpg,500,Descriptor\d3634ddc-f502-11ea-8891-ace0107ccbbd.txt,
Images\12468.jpg,500,Descriptor\d366f802-f502-11ea-9aa1-ace0107ccbbd.txt,
Images\12469.jpg,500,Descriptor\d36ac940-f502-11ea-975a-ace0107ccbbd.txt,
Images\12470.jpg,500,Descriptor\d36ffa5a-f502-11ea-8fdd-ace0107ccbbd.txt,
Images\12471.jpg,319,Descriptor\d3748f1c-f502-11ea-b140-ace0107ccbbd.txt,
Images\12472.jpg,405,Descriptor\d378606e-f502-11ea-8cef-ace0107ccbbd.txt,
Images\12473.jpg,500,Descriptor\d37d6a5c-f502-11ea-b5e6-ace0107ccbbd.txt,
Images\12474.jpg,442,Descriptor\d380c642-f502-11ea-82e2-ace0107ccbbd.txt,
Images\12475.jpg,500,Descriptor\d383d40a-f502-11ea-9c56-ace0107ccbbd.txt,
Images\12476.jpg,489,Descriptor\d38708f6-f502-11ea-9588-ace0107ccbbd.txt,
Images\12477.jpg,500,Descriptor\d38a3dda-f502-11ea-9170-ace0107ccbbd.txt,
Images\12478.jpg,465,Descriptor\d38d4ba4-f502-11ea-92ca-ace0107ccbbd.txt,
Images\12479.jpg,439,Descriptor\d38fe430-f502-11ea-b95d-ace0107ccbbd.txt,
Images\5_520.jpg,298,Descriptor\d392078c-f502-11ea-92e8-ace0107ccbbd.txt,
Images\5_521.jpg,248,Descriptor\d393b574-f502-11ea-8437-ace0107ccbbd.txt,
Images\5_522.jpg,298,Descriptor\d3975f98-f502-11ea-abc6-ace0107ccbbd.txt,
Images\5_523.jpg,276,Descriptor\d398e67e-f502-11ea-a72e-ace0107ccbbd.txt,
Images\5_524.jpg,302,Descriptor\d39abb98-f502-11ea-91cc-ace0107ccbbd.txt,
Images\5_525.jpg,296,Descriptor\d39cdede-f502-11ea-9a34-ace0107ccbbd.txt,
Images\5_526.jpg,287,Descriptor\d39e3eae-f502-11ea-a174-ace0107ccbbd.txt,
Images\5_527.jpg,302,Descriptor\d39feca8-f502-11ea-a8e4-ace0107ccbbd.txt,
Images\Increased_color_saturation.jpg,488,Descriptor\d3a2fa7a-f502-11ea-809b-ace0107ccbbd.txt,
Images\little_darker.jpg,487,Descriptor\d3a592fa-f502-11ea-85af-ace0107ccbbd.txt,
Images\orignal.jpg,488,Descriptor\d3a8529e-f502-11ea-9e2d-ace0107ccbbd.txt,
Images\thebookthief.jpg,500,Descriptor\d3ab1240-f502-11ea-bcef-ace0107ccbbd.txt,
Images\the_book_theif.jpg,500,Descriptor\d3aee38a-f502-11ea-a008-ace0107ccbbd.txt,
